CDREDE;DE;CODMUN;MUN;CATEG;TIPOESC;COD_ESC;NOMESC;AL_ALEMAO_DU;AL_ESPANHOL_DU;AL_FRANCES_DU;AL_INGLES_DU;AL_ITALIANO_DU;AL_JAPONES_DU;AL_MANDARIM_DU;TOTAL_AL_DU;AL_ALEMAO_SAB_SEMANA;AL_ESPANHOL_SAB_SEMANA;AL_FRANCES_SAB_SEMANA;AL_INGLES_SAB_SEMANA;AL_ITALIANO_SAB_SEMANA;AL_JAPONES_SAB_SEMANA;AL_MANDARIM_SAB_SEMANA;TOTAL_AL_SAB_SEMANA;AL_ALEMAO_SAB;AL_ESPANHOL_SAB;AL_FRANCES_SAB;AL_INGLES_SAB;AL_ITALIANO_SAB;AL_JAPONES_SAB;AL_MANDARIM_SAB;TOTAL_AL_SAB;CL_ALEMAO_DU;CL_ESPANHOL_DU;CL_FRANCES_DU;CL_INGLES_DU;CL_ITALIANO_DU;CL_JAPONES_DU;CL_MANDARIM_DU;TOTAL_CL_DU;CL_ALEMAO_SAB_SEMANA;CL_ESPANHOL_SAB_SEMANA;CL_FRANCES_SAB_SEMANA;CL_INGLES_SAB_SEMANA;CL_ITALIANO_SAB_SEMANA;CL_JAPONES_SAB_SEMANA;CL_MANDARIM_SAB_SEMANA;TOTAL_CL_SAB_SEMANA;CL_ALEMAO_SAB;CL_ESPANHOL_SAB;CL_FRANCES_SAB;CL_INGLES_SAB;CL_ITALIANO_SAB;CL_JAPONES_SAB;CL_MANDARIM_SAB;TOTAL_CL_SAB;TOTAL_TOTAL_AL;TOTAL_TOTAL_CL
10102;CENTRO;100;SAO PAULO;2;6;985107;CEL JTO A EE MAURO DE OLIVEIRA PROFESSOR;0;83;49;57;0;0;0;189;0;0;0;0;0;0;0;0;0;0;0;0;0;0;0;0;0;5;3;2;0;0;0;10;0;0;0;0;0;0;0;0;0;0;0;0;0;0;0;0;189;10
10205;LESTE 5;100;SAO PAULO;2;6;458296;CEL JTO A EE JOSE MARQUES DA CRUZ PROF;0;127;15;54;9;0;0;205;0;0;0;0;0;0;0;0;12;52;0;50;0;0;0;114;0;9;1;2;1;0;0;13;0;0;0;0;0;0;0;0;1;3;0;2;0;0;0;6;319;19
10314;SUL 2;100;SAO PAULO;2;6;985156;CEL JTO A EE LEOPOLDO SANTANA PROFESSOR;103;291;180;106;28;118;0;826;0;0;0;0;0;0;0;0;0;0;0;0;0;0;0;0;6;13;8;4;2;5;0;38;0;0;0;0;0;0;0;0;0;0;0;0;0;0;0;0;826;38
10316;CENTRO SUL;100;SAO PAULO;2;6;498634;CEL JTO A EE ROOSEVELT PRESIDENTE;0;104;67;57;0;61;0;289;0;0;0;0;0;0;0;0;0;0;0;0;0;0;0;0;0;8;5;2;0;4;0;19;0;0;0;0;0;0;0;0;0;0;0;0;0;0;0;0;289;19
10316;CENTRO SUL;100;SAO PAULO;2;6;985788;CEL JTO A EE JULIA MACEDO PANTOJA PROFESSORA;28;196;33;122;48;49;0;476;0;0;0;0;0;0;0;0;0;0;0;0;0;0;0;0;4;16;3;7;5;4;0;39;0;0;0;0;0;0;0;0;0;0;0;0;0;0;0;0;476;39
10318;SUL 3;100;SAO PAULO;2;6;29828;CEL JTO A EE LAERTE RAMOS PROF DR;0;181;0;44;0;67;0;292;0;0;0;0;0;0;0;0;0;0;0;0;0;0;0;0;0;11;0;2;0;5;0;18;0;0;0;0;0;0;0;0;0;0;0;0;0;0;0;0;292;18
10318;SUL 3;100;SAO PAULO;2;6;458399;CEL JTO A EE ALBERTO SALOTTI PROF;0;287;92;317;0;0;0;696;0;0;0;0;0;0;0;0;0;0;0;0;0;0;0;0;0;14;3;13;0;0;0;30;0;0;0;0;0;0;0;0;0;0;0;0;0;0;0;0;696;30
10318;SUL 3;100;SAO PAULO;2;6;985168;CEL JTO A EE PAULINO NUNES ESPOSO;0;182;0;68;0;0;0;250;0;0;0;0;0;0;0;0;0;0;0;0;0;0;0;0;0;13;0;3;0;0;0;16;0;0;0;0;0;0;0;0;0;0;0;0;0;0;0;0;250;16
10402;GUARULHOS SUL;336;GUARULHOS;2;6;985673;CEL JTO A EE ALICE CHUERY PROFESSORA;0;157;63;52;0;0;0;272;0;0;0;0;0;0;0;0;0;0;0;0;0;0;0;0;0;14;8;3;0;0;0;25;0;0;0;0;0;0;0;0;0;0;0;0;0;0;0;0;272;25
10403;GUARULHOS NORTE;336;GUARULHOS;2;6;407331;CEL JTO A EE CONRADO SIVILA ALSINA PADRE;0;301;104;132;114;0;0;651;0;0;0;0;0;0;0;0;0;0;0;0;0;0;0;0;0;18;7;5;7;0;0;37;0;0;0;0;0;0;0;0;0;0;0;0;0;0;0;0;651;37
10501;MOGI DAS CRUZES;454;MOGI DAS CRUZES;2;6;985752;CEL JTO A EE FRANCISCO FERREIRA LOPES;0;408;37;157;41;39;15;697;0;0;0;0;0;0;0;0;0;0;0;0;0;0;0;0;0;29;4;8;4;3;2;50;0;0;0;0;0;0;0;0;0;0;0;0;0;0;0;0;697;50
10601;DIADEMA;286;DIADEMA;2;6;499161;CEL JTO A EE ORIGENES LESSA;23;74;0;15;0;0;0;112;0;0;0;0;0;0;0;0;0;0;0;0;0;0;0;0;1;6;0;1;0;0;0;8;0;0;0;0;0;0;0;0;0;0;0;0;0;0;0;0;112;8
10602;MAUA;442;MAUA;2;6;985570;CEL JTO A EE MARLENE CAMARGO RIBEIRO;0;252;0;68;0;0;0;320;0;0;0;0;0;0;0;0;0;0;0;0;0;0;0;0;0;9;0;2;0;0;0;11;0;0;0;0;0;0;0;0;0;0;0;0;0;0;0;0;320;11
10606;SAO BERNARDO DO CAMPO;636;SAO CAETANO DO SUL;2;6;985211;CEL JTO A EE IDALINA MACEDO COSTA SODRE DONA;0;99;0;64;0;46;0;209;0;0;0;0;0;0;0;0;37;121;0;35;0;58;0;251;0;4;0;2;0;2;0;8;0;0;0;0;0;0;0;0;2;5;0;1;0;2;0;10;460;18
10701;CARAPICUIBA;255;CARAPICUIBA;2;6;407410;CEL JTO A EE WILLIAN RODRIGUES REBUA;33;195;33;0;0;0;0;261;0;0;0;0;0;0;0;0;0;0;0;0;0;0;0;0;2;11;3;0;0;0;0;16;0;0;0;0;0;0;0;0;0;0;0;0;0;0;0;0;261;16
10702;ITAPECERICA DA SERRA;370;ITAPECERICA DA SERRA;2;6;985697;CEL JTO A EE ASA BRANCA DA SERRA;0;68;0;0;0;0;0;68;0;0;0;0;0;0;0;0;0;0;0;0;0;0;0;0;0;4;0;0;0;0;0;4;0;0;0;0;0;0;0;0;0;0;0;0;0;0;0;0;68;4
20102;SANTOS;335;GUARUJA;2;6;460370;CEL JTO A PROFA THEREZA SILVEIRA DE ALMEIDA;0;4;0;0;0;0;0;4;0;0;0;0;0;0;0;0;0;0;0;0;0;0;0;0;0;2;0;0;0;0;0;2;0;0;0;0;0;0;0;0;0;0;0;0;0;0;0;0;4;2
10101;NORTE 1;100;SAO PAULO;2;6;985004;CEL JTO A EE ANTONIO C C GUIMARAES FILHO PROFESSOR;0;59;0;0;0;0;0;59;0;0;0;0;0;0;0;0;0;0;0;0;0;0;0;0;0;2;0;0;0;0;0;2;0;0;0;0;0;0;0;0;0;0;0;0;0;0;0;0;59;2
10102;CENTRO;100;SAO PAULO;2;6;985028;CEL JTO A EE BUENOS AIRES;36;171;94;91;0;0;0;392;0;0;0;0;0;0;0;0;0;0;0;0;0;0;0;0;2;10;6;3;0;0;0;21;0;0;0;0;0;0;0;0;0;0;0;0;0;0;0;0;392;21
10207;LESTE 1;100;SAO PAULO;2;6;985053;CEL JTO A EE NOSSA SENHORA DA PENHA;47;395;27;78;17;7;0;571;0;0;0;0;0;0;0;0;0;0;0;0;0;0;0;0;5;24;2;3;1;1;0;36;0;0;0;0;0;0;0;0;0;0;0;0;0;0;0;0;571;36
10207;LESTE 1;100;SAO PAULO;2;6;985065;CEL JTO A EE ERMELINO MATARAZZO;0;286;156;108;0;0;0;550;0;0;0;0;0;0;0;0;0;0;0;0;0;0;0;0;0;18;9;4;0;0;0;31;0;0;0;0;0;0;0;0;0;0;0;0;0;0;0;0;550;31
10208;LESTE 4;100;SAO PAULO;2;6;411875;CEL JTO A EE DONA ZALINA ROLIM;0;83;0;39;0;0;0;122;0;0;0;0;0;0;0;0;0;0;0;0;0;0;0;0;0;6;0;3;0;0;0;9;0;0;0;0;0;0;0;0;0;0;0;0;0;0;0;0;122;9
10210;LESTE 2;100;SAO PAULO;2;6;458272;CEL JTO A EE DOM PEDRO I;40;29;23;32;0;17;0;141;0;0;0;0;0;0;0;0;0;407;56;246;0;30;0;739;2;3;1;1;0;2;0;9;0;0;0;0;0;0;0;0;0;15;3;8;0;1;0;27;880;36
10211;LESTE 3;100;SAO PAULO;2;6;985089;CEL JTO A EE FADLO HAIDAR;14;699;157;235;14;136;0;1255;0;0;0;0;0;0;0;0;0;0;0;0;0;0;0;0;1;31;8;8;1;7;0;56;0;0;0;0;0;0;0;0;0;0;0;0;0;0;0;0;1255;56
10312;CENTRO OESTE;100;SAO PAULO;2;6;431850;CEL JTO A EE ANHANGUERA;0;73;0;0;0;0;0;73;0;0;0;0;0;0;0;0;0;0;0;0;0;0;0;0;0;4;0;0;0;0;0;4;0;0;0;0;0;0;0;0;0;0;0;0;0;0;0;0;73;4
10312;CENTRO OESTE;100;SAO PAULO;2;6;985132;CEL JTO A EE RUI BLOEM;0;199;42;67;0;59;0;367;0;0;0;0;0;0;0;0;0;28;0;34;0;0;0;62;0;11;3;3;0;3;0;20;0;0;0;0;0;0;0;0;0;1;0;1;0;0;0;2;429;22
10316;CENTRO SUL;100;SAO PAULO;2;6;985120;CEL JTO A EE ALEXANDRE DE GUSMAO;0;212;120;40;60;103;0;535;0;0;0;0;0;0;0;0;0;0;0;0;0;0;0;0;0;17;9;2;4;7;0;39;0;0;0;0;0;0;0;0;0;0;0;0;0;0;0;0;535;39
10318;SUL 3;100;SAO PAULO;2;6;458351;CEL JTO A EE ESTHER GARCIA PROFA;0;171;0;85;0;0;0;256;0;0;0;0;0;0;0;0;0;4;0;0;0;0;0;4;0;7;0;3;0;0;0;10;0;0;0;0;0;0;0;0;0;1;0;0;0;0;0;1;260;11
10401;CAIEIRAS;311;FRANCISCO MORATO;2;6;985659;CEL JTO A EE LENITA CORREA CAMARGO PROFA;0;118;0;0;0;0;0;118;0;0;0;0;0;0;0;0;0;40;0;0;0;0;0;40;0;5;0;0;0;0;0;5;0;0;0;0;0;0;0;0;0;2;0;0;0;0;0;2;158;7
10401;CAIEIRAS;312;FRANCO DA ROCHA;2;6;499742;CEL JTO A EE BENEDITO FAGUNDES MARQUES PROF;0;203;0;63;0;0;0;266;0;0;0;0;0;0;0;0;0;0;0;0;0;0;0;0;0;15;0;2;0;0;0;17;0;0;0;0;0;0;0;0;0;0;0;0;0;0;0;0;266;17
10502;SUZANO;672;SUZANO;2;6;985181;CEL JTO A EE RAUL BRASIL PROFESSOR;0;503;101;26;0;81;0;711;0;0;0;0;0;0;0;0;0;0;0;0;0;0;0;0;0;36;8;1;0;7;0;52;0;0;0;0;0;0;0;0;0;0;0;0;0;0;0;0;711;52
10503;ITAQUAQUECETUBA;379;ITAQUAQUECETUBA;2;6;458545;CEL JTO A EE ZILDA BRACONI AMADOR PROFA;0;8;0;0;0;0;0;8;0;0;0;0;0;0;0;0;0;0;0;0;0;0;0;0;0;5;0;0;0;0;0;5;0;0;0;0;0;0;0;0;0;0;0;0;0;0;0;0;8;5
10503;ITAQUAQUECETUBA;546;POA;2;6;446026;CEL JTO A EE PAULO EDUARDO OLINTHO REHDER JORNALISTA;0;66;0;0;0;0;0;66;0;0;0;0;0;0;0;0;0;0;0;0;0;0;0;0;0;4;0;0;0;0;0;4;0;0;0;0;0;0;0;0;0;0;0;0;0;0;0;0;66;4
10602;MAUA;442;MAUA;2;6;458570;CEL JTO A EE OLAVO HANSEN;0;258;0;27;0;0;0;285;0;0;0;0;0;0;0;0;0;44;0;0;0;0;0;44;0;11;0;1;0;0;0;12;0;0;0;0;0;0;0;0;0;2;0;0;0;0;0;2;329;14
10104;NORTE 2;100;SAO PAULO;2;6;458314;CEL JTO A EE VERIDIANA CAMACHO CARVALHO GOMES PROFA;0;47;0;0;0;0;0;47;0;0;0;0;0;0;0;0;0;0;0;0;0;0;0;0;0;5;0;0;0;0;0;5;0;0;0;0;0;0;0;0;0;0;0;0;0;0;0;0;47;5
10104;NORTE 2;100;SAO PAULO;2;6;985016;CEL JTO A EE ALBINO CESAR;22;119;0;41;0;0;0;182;0;0;0;0;0;0;0;0;0;0;0;0;0;0;0;0;1;7;0;2;0;0;0;10;0;0;0;0;0;0;0;0;0;0;0;0;0;0;0;0;182;10
10205;LESTE 5;100;SAO PAULO;2;6;985041;CEL JTO A EE JOAO DIAS DA SILVEIRA PROFESSOR;21;120;62;53;0;0;0;256;0;0;0;0;0;0;0;0;0;108;34;59;14;29;22;266;1;9;3;2;0;0;0;15;0;0;0;0;0;0;0;0;0;6;1;2;1;1;1;12;522;27
10205;LESTE 5;100;SAO PAULO;2;6;985685;CEL JTO A EE PAULO EGYDIO O CARVALHO SENADOR;0;7;0;32;0;0;0;39;0;0;0;0;0;0;0;0;21;155;84;98;0;0;0;358;0;1;0;1;0;0;0;2;0;0;0;0;0;0;0;0;2;6;4;3;0;0;0;15;397;17
10317;SUL 1;100;SAO PAULO;2;6;5029;CEL JTO A EE MEXICO;0;57;0;8;0;0;0;65;0;0;0;0;0;0;0;0;0;0;0;0;0;0;0;0;0;7;0;1;0;0;0;8;0;0;0;0;0;0;0;0;0;0;0;0;0;0;0;0;65;8
10317;SUL 1;100;SAO PAULO;2;6;482341;CEL JTO A EE PLINIO NEGRAO;12;126;71;63;0;19;0;291;0;0;0;0;0;0;0;0;24;77;19;72;34;59;0;285;1;6;4;4;0;1;0;16;0;0;0;0;0;0;0;0;1;3;1;3;2;3;0;13;576;29
10401;CAIEIRAS;239;CAIEIRAS;2;6;499729;CEL JTO A EE OTTO WEISZFLOG;0;136;0;52;0;0;0;188;0;0;0;0;0;0;0;0;29;0;0;0;0;0;0;29;0;8;0;2;0;0;0;10;0;0;0;0;0;0;0;0;2;0;0;0;0;0;0;2;217;12
10401;CAIEIRAS;241;CAJAMAR;2;6;458405;CEL JTO A EE SUZANA DIAS;0;0;0;0;0;0;0;0;0;0;0;0;0;0;0;0;0;28;0;23;0;0;0;51;0;0;0;0;0;0;0;0;0;0;0;0;0;0;0;0;0;2;0;1;0;0;0;3;51;3
10501;MOGI DAS CRUZES;454;MOGI DAS CRUZES;2;6;458594;CEL JTO A EE FIRMINO LADEIRA PROF;21;131;38;49;32;63;3;337;0;0;0;0;0;0;0;0;0;0;0;0;0;0;0;0;1;14;6;2;3;5;1;32;0;0;0;0;0;0;0;0;0;0;0;0;0;0;0;0;337;32
10603;SANTO ANDRE;626;SANTO ANDRE;2;6;985193;CEL JTO A EE PROF AMARAL WAGNER;0;236;66;73;0;0;0;375;0;0;0;0;0;0;0;0;0;0;0;0;0;0;0;0;0;16;7;3;0;0;0;26;0;0;0;0;0;0;0;0;0;0;0;0;0;0;0;0;375;26
10701;CARAPICUIBA;278;COTIA;2;6;985223;CEL JTO A EE PEDRO CASEMIRO LEITE PROFESSOR;21;187;0;131;26;70;0;435;0;0;0;0;0;0;0;0;0;0;0;0;0;0;0;0;1;14;0;6;4;7;0;32;0;0;0;0;0;0;0;0;0;0;0;0;0;0;0;0;435;32
10702;ITAPECERICA DA SERRA;299;EMBU-GUACU;2;6;6049;CEL JTO A EE PASCHOAL CARLOS MAGNO;0;23;0;0;0;0;0;23;0;0;0;0;0;0;0;0;0;0;0;0;0;0;0;0;0;1;0;0;0;0;0;1;0;0;0;0;0;0;0;0;0;0;0;0;0;0;0;0;23;1
10704;OSASCO;492;OSASCO;2;6;985235;CEL JTO A EE ANTONIO RAPOSO TAVARES;25;262;129;125;0;0;0;541;0;0;0;0;0;0;0;0;0;0;0;0;0;0;0;0;1;16;8;4;0;0;0;29;0;0;0;0;0;0;0;0;0;0;0;0;0;0;0;0;541;29
20103;SAO VICENTE;459;MONGAGUA;2;6;464004;CEL JTO A EE AIDA LEDA BAUER DAVIES PROFESSORA;0;39;0;0;0;0;0;39;0;0;0;0;0;0;0;0;0;0;0;0;0;0;0;0;0;2;0;0;0;0;0;2;0;0;0;0;0;0;0;0;0;0;0;0;0;0;0;0;39;2
20103;SAO VICENTE;558;PRAIA GRANDE;2;6;435752;CEL JTO A EE REYNALDO KUNTZ BUSCH DOUTOR;0;70;0;30;0;0;0;100;0;0;0;0;0;0;0;0;0;108;45;72;0;0;0;225;0;4;0;1;0;0;0;5;0;0;0;0;0;0;0;0;0;4;2;3;0;0;0;9;325;14
20202;GUARATINGUETA;332;GUARATINGUETA;2;6;985557;CEL JTO A EE RODRIGUES ALVES CONSELHEIRO;41;209;0;54;101;0;0;405;0;0;0;0;0;0;0;0;21;348;0;90;28;0;0;487;2;10;0;2;5;0;0;19;0;0;0;0;0;0;0;0;1;13;0;3;1;0;0;18;892;37
20204;PINDAMONHANGABA;246;CAMPOS DO JORDAO;2;6;460254;CEL JTO A EE THEODORO CORREA CINTRA PROF;0;57;0;0;0;0;0;57;0;0;0;0;0;0;0;0;0;0;0;0;0;0;0;0;0;3;0;0;0;0;0;3;0;0;0;0;0;0;0;0;0;0;0;0;0;0;0;0;57;3
10606;SAO BERNARDO DO CAMPO;635;SAO BERNARDO DO CAMPO;2;6;985200;CEL JTO A EE 20 DE AGOSTO;61;231;0;31;0;0;0;323;0;0;0;0;0;0;0;0;0;0;0;0;0;0;0;0;2;8;0;1;0;0;0;11;0;0;0;0;0;0;0;0;0;0;0;0;0;0;0;0;323;11
20102;SANTOS;335;GUARUJA;2;6;460345;CEL JTO A EE MARCILIO DIAS;0;26;0;33;0;0;0;59;0;0;0;0;0;0;0;0;0;0;0;0;0;0;0;0;0;3;0;1;0;0;0;4;0;0;0;0;0;0;0;0;0;0;0;0;0;0;0;0;59;4
20102;SANTOS;633;SANTOS;2;6;564801;CEL JTO A ZULMIRA CAMPOS;0;50;0;0;0;0;0;50;0;0;0;0;0;0;0;0;0;0;0;0;0;0;0;0;0;3;0;0;0;0;0;3;0;0;0;0;0;0;0;0;0;0;0;0;0;0;0;0;50;3
20102;SANTOS;633;SANTOS;2;6;985594;CEL JTO A EE OLGA CURY;0;5;0;0;0;0;0;5;0;0;0;0;0;0;0;0;0;0;0;0;0;0;0;0;0;1;0;0;0;0;0;1;0;0;0;0;0;0;0;0;0;0;0;0;0;0;0;0;5;1
20103;SAO VICENTE;369;ITANHAEM;2;6;985624;CEL JTO A EE BENEDITO CALIXTO;0;174;53;24;0;0;0;251;0;0;0;0;0;0;0;0;0;22;0;0;0;0;0;22;0;9;2;1;0;0;0;12;0;0;0;0;0;0;0;0;0;1;0;0;0;0;0;1;273;13
20202;GUARATINGUETA;284;CUNHA;2;6;459203;CEL JTO A EE PAULO VIRGINIO;0;42;0;27;0;0;0;69;0;0;0;0;0;0;0;0;0;63;0;18;9;0;0;90;0;2;0;1;0;0;0;3;0;0;0;0;0;0;0;0;0;3;0;1;1;0;0;5;159;8
20204;PINDAMONHANGABA;528;PINDAMONHANGABA;2;6;460278;CEL JTO A EE ALFREDO PUJOL DOUTOR;0;180;0;70;0;0;0;250;0;0;0;0;0;0;0;0;0;0;0;0;0;0;0;0;0;13;0;3;0;0;0;16;0;0;0;0;0;0;0;0;0;0;0;0;0;0;0;0;250;16
20207;JACAREI;392;JACAREI;2;6;459586;CEL JTO A EE FRANCISCO F FERREIRA DA SILVA PROF;0;153;0;76;32;0;0;261;0;0;0;0;0;0;0;0;0;0;0;0;0;0;0;0;0;11;0;3;2;0;0;16;0;0;0;0;0;0;0;0;0;0;0;0;0;0;0;0;261;16
20303;BOTUCATU;224;BOTUCATU;2;6;458260;CEL JTO EE SOPHIA GABRIEL DE OLIVEIRA PROFA;0;91;0;0;0;0;0;91;0;0;0;0;0;0;0;0;0;0;0;0;0;0;0;0;0;4;0;0;0;0;0;4;0;0;0;0;0;0;0;0;0;0;0;0;0;0;0;0;91;4
20306;ITU;387;ITU;2;6;985648;CEL JTO A EE REGENTE FEIJO;0;173;0;29;0;0;0;202;0;0;0;0;0;0;0;0;0;0;0;0;0;0;0;0;0;11;0;1;0;0;0;12;0;0;0;0;0;0;0;0;0;0;0;0;0;0;0;0;202;12
20306;ITU;600;SALTO;2;6;434036;CEL JTO A EE ACYLINO AMARAL GURGEL PROF;0;11;0;0;0;0;0;11;0;0;0;0;0;0;0;0;0;0;0;0;0;0;0;0;0;1;0;0;0;0;0;1;0;0;0;0;0;0;0;0;0;0;0;0;0;0;0;0;11;1
20307;SAO ROQUE;345;IBIUNA;2;6;466165;CEL JTO A EE MARIA ANGERAMI SCALAMANDRE;0;120;54;41;0;53;0;268;0;0;0;0;0;0;0;0;0;11;12;0;33;32;0;88;0;7;3;2;0;3;0;15;0;0;0;0;0;0;0;0;0;1;1;0;2;2;0;6;356;21
20308;SOROCABA;669;SOROCABA;2;6;985284;CEL JTO A EE ANTONIO PADILHA;48;287;74;140;0;77;0;626;0;0;0;0;0;0;0;0;0;0;0;0;0;0;0;0;4;20;6;7;0;7;0;44;0;0;0;0;0;0;0;0;0;0;0;0;0;0;0;0;626;44
20310;VOTORANTIM;178;ARACOIABA DA SERRA;2;6;458697;CEL JTO A EE MARIA ANGELICA BAILLOT PROFA;0;81;0;64;0;0;0;145;0;0;0;0;0;0;0;0;0;0;0;0;0;0;0;0;0;3;0;2;0;0;0;5;0;0;0;0;0;0;0;0;0;0;0;0;0;0;0;0;145;5
20310;VOTORANTIM;526;PIEDADE;2;6;446973;CEL JTO A EE CARLOS AUGUSTO DE CAMARGO PROFESSOR;11;224;29;85;0;0;0;349;0;0;0;0;0;0;0;0;0;0;0;0;0;0;0;0;1;10;2;3;0;0;0;16;0;0;0;0;0;0;0;0;0;0;0;0;0;0;0;0;349;16
20310;VOTORANTIM;527;PILAR DO SUL;2;6;458752;CEL JTO A EE ODILON BATISTA JORDAO VER;0;26;0;0;0;0;0;26;0;0;0;0;0;0;0;0;0;0;0;0;0;0;0;0;0;2;0;0;0;0;0;2;0;0;0;0;0;0;0;0;0;0;0;0;0;0;0;0;26;2
20403;BRAGANCA PAULISTA;190;ATIBAIA;2;6;458326;CEL JTO A EE FRANCISCO DE AGUIAR PECANHA;0;12;0;0;0;0;0;12;0;0;0;0;0;0;0;0;0;0;0;0;0;0;0;0;0;2;0;0;0;0;0;2;0;0;0;0;0;0;0;0;0;0;0;0;0;0;0;0;12;2
20205;SAO JOSE DOS CAMPOS;645;SAO JOSE DOS CAMPOS;2;6;460497;CEL JTO A EE JOSE VIEIRA MACEDO PROF;0;206;45;108;0;109;0;468;0;0;0;0;0;0;0;0;0;0;0;0;0;0;0;0;0;11;3;4;0;5;0;23;0;0;0;0;0;0;0;0;0;0;0;0;0;0;0;0;468;23
20205;SAO JOSE DOS CAMPOS;645;SAO JOSE DOS CAMPOS;2;6;985259;CEL JTO A EE ESTEVAM FERRI PROFESSOR;0;206;45;104;20;90;0;465;0;0;0;0;0;0;0;0;0;0;0;0;0;0;0;0;0;12;4;4;2;7;0;29;0;0;0;0;0;0;0;0;0;0;0;0;0;0;0;0;465;29
20206;TAUBATE;234;CACAPAVA;2;6;985740;CEL JTO A EE MINISTRO JOSE MOURA RESENDE;0;20;6;0;0;0;0;26;0;0;0;0;0;0;0;0;0;0;0;0;0;0;0;0;0;2;1;0;0;0;0;3;0;0;0;0;0;0;0;0;0;0;0;0;0;0;0;0;26;3
20302;AVARE;194;AVARE;2;6;985272;CEL JTO A EE JOAO CRUZ;0;154;23;56;26;43;0;302;0;0;0;0;0;0;0;0;0;59;34;34;0;27;0;154;0;16;2;2;3;3;0;26;0;0;0;0;0;0;0;0;0;3;2;1;0;1;0;7;456;33
20303;BOTUCATU;412;LARANJAL PAULISTA;2;6;458284;CEL JTO A EE LUIZ CAMPACCI;0;168;0;64;0;0;0;232;0;0;0;0;0;0;0;0;0;0;0;0;0;0;0;0;0;8;0;2;0;0;0;10;0;0;0;0;0;0;0;0;0;0;0;0;0;0;0;0;232;10
20304;ITAPETININGA;371;ITAPETININGA;2;6;444339;CEL JTO A EE PEIXOTO GOMIDE;0;85;67;43;28;0;0;223;0;0;0;0;0;0;0;0;0;0;0;0;0;0;0;0;0;8;5;2;2;0;0;17;0;0;0;0;0;0;0;0;0;0;0;0;0;0;0;0;223;17
20308;SOROCABA;669;SOROCABA;2;6;417427;CEL JTO A EE JULIO PRESTES DE ALBUQUERQUE DOUTOR;16;223;62;143;3;76;0;523;0;0;0;0;0;0;0;0;0;0;0;0;0;0;0;0;3;21;6;5;2;7;0;44;0;0;0;0;0;0;0;0;0;0;0;0;0;0;0;0;523;44
20310;VOTORANTIM;252;CAPELA DO ALTO;2;6;458715;CEL JTO A EE PEDRO DIAS DE CAMPOS CEL;0;0;0;25;0;0;0;25;0;0;0;0;0;0;0;0;0;0;0;0;0;0;0;0;0;0;0;1;0;0;0;1;0;0;0;0;0;0;0;0;0;0;0;0;0;0;0;0;25;1
20310;VOTORANTIM;602;SALTO DE PIRAPORA;2;6;458855;CEL JTO A EE AFONSO VERGUEIRO DOUTOR;0;74;0;0;0;0;0;74;0;0;0;0;0;0;0;0;0;0;0;0;0;0;0;0;0;6;0;0;0;0;0;6;0;0;0;0;0;0;0;0;0;0;0;0;0;0;0;0;74;6
20313;ITARARE;380;ITARARE;2;6;441430;CEL JTO A EE TOME TEIXEIRA;0;30;22;22;0;0;0;74;0;0;0;0;0;0;0;0;0;0;0;0;0;0;0;0;0;2;1;2;0;0;0;5;0;0;0;0;0;0;0;0;0;0;0;0;0;0;0;0;74;5
20401;AMERICANA;165;AMERICANA;2;6;433639;CEL JTO A EE PROFA OLYMPIA BARTH DE OLIVEIRA;0;29;0;0;0;0;0;29;0;0;0;0;0;0;0;0;0;0;0;0;0;0;0;0;0;1;0;0;0;0;0;1;0;0;0;0;0;0;0;0;0;0;0;0;0;0;0;0;29;1
20407;JUNDIAI;407;JUNDIAI;2;6;985797;CEL JTO A EE MARIA DE LOURDES FRANCA SILVEIRA PROFESSORA;0;12;0;0;0;0;0;12;0;0;0;0;0;0;0;0;0;73;0;32;0;0;0;105;0;3;0;0;0;0;0;3;0;0;0;0;0;0;0;0;0;2;0;1;0;0;0;3;117;6
20408;LIMEIRA;417;LIMEIRA;2;6;985776;CEL JTO A EE CASTELO BRANCO;0;216;0;31;0;0;0;247;0;0;0;0;0;0;0;0;0;0;0;0;0;0;0;0;0;14;0;2;0;0;0;16;0;0;0;0;0;0;0;0;0;0;0;0;0;0;0;0;247;16
20408;LIMEIRA;587;RIO CLARO;2;6;459719;CEL JTO A EE JOAQUIM RIBEIRO;0;73;0;0;0;0;0;73;0;0;0;0;0;0;0;0;0;0;0;0;0;0;0;0;0;5;0;0;0;0;0;5;0;0;0;0;0;0;0;0;0;0;0;0;0;0;0;0;73;5
20413;SAO JOAO DA BOA VISTA;530;ESPIRITO SANTO DO PINHAL;2;6;460000;CEL JTO A EE LEME CARDEAL;0;54;0;25;0;0;0;79;0;0;0;0;0;0;0;0;0;0;0;0;0;0;0;0;0;4;0;1;0;0;0;5;0;0;0;0;0;0;0;0;0;0;0;0;0;0;0;0;79;5
20413;SAO JOAO DA BOA VISTA;680;TAMBAU;2;6;460205;CEL JTO A EE DONIZETTI TAVARES DE LIMA PE;0;33;0;23;0;0;0;56;0;0;0;0;0;0;0;0;0;0;0;0;0;0;0;0;0;1;0;1;0;0;0;2;0;0;0;0;0;0;0;0;0;0;0;0;0;0;0;0;56;2
20415;SUMARE;671;SUMARE;2;6;985727;CEL JTO A EE JAYME DE BARROS CAMARA DOM;0;335;0;88;0;0;0;423;0;0;0;0;0;0;0;0;0;164;0;0;0;0;0;164;0;21;0;5;0;0;0;26;0;0;0;0;0;0;0;0;0;6;0;0;0;0;0;6;587;32
20103;SAO VICENTE;657;SAO VICENTE;2;6;985247;CEL JTO A EE MARTIM AFONSO;0;218;91;119;0;0;0;428;0;0;0;0;0;0;0;0;0;0;0;0;0;0;0;0;0;9;3;4;0;0;0;16;0;0;0;0;0;0;0;0;0;0;0;0;0;0;0;0;428;16
20202;GUARATINGUETA;282;CRUZEIRO;2;6;985260;CEL JTO A EE OSVALDO CRUZ;0;0;0;0;0;0;0;0;0;0;0;0;0;0;0;0;0;11;0;27;0;0;0;38;0;0;0;0;0;0;0;0;0;0;0;0;0;0;0;0;0;1;0;1;0;0;0;2;38;2
20204;PINDAMONHANGABA;528;PINDAMONHANGABA;2;6;474770;CEL JTO A EE ANTONIA CARLOTA GOMES PROFESSORA;0;72;0;0;0;0;0;72;0;0;0;0;0;0;0;0;0;0;0;0;0;0;0;0;0;5;0;0;0;0;0;5;0;0;0;0;0;0;0;0;0;0;0;0;0;0;0;0;72;5
20301;APIAI;324;GUAPIARA;2;6;458168;CEL JTO A EE THEREZINHA SACCOMANO PASSARO PROFA;0;18;0;0;0;0;0;18;0;0;0;0;0;0;0;0;0;0;0;0;0;0;0;0;0;1;0;0;0;0;0;1;0;0;0;0;0;0;0;0;0;0;0;0;0;0;0;0;18;1
20305;ITAPEVA;251;CAPAO BONITO;2;6;459495;CEL JTO A EE RAUL VENTURELLI DR;0;102;0;77;0;0;0;179;0;0;0;0;0;0;0;0;0;54;0;0;0;0;0;54;0;7;0;3;0;0;0;10;0;0;0;0;0;0;0;0;0;2;0;0;0;0;0;2;233;12
20305;ITAPEVA;372;ITAPEVA;2;6;388300;CEL JTO A EE PROF? ZULMIRA DE OLIVEIRA;0;40;0;38;0;0;0;78;0;0;0;0;0;0;0;0;0;0;0;0;0;0;0;0;0;3;0;2;0;0;0;5;0;0;0;0;0;0;0;0;0;0;0;0;0;0;0;0;78;5
20306;ITU;554;PORTO FELIZ;2;6;459549;CEL JTO A EE SECKLER MONSENHOR;0;0;0;33;0;0;0;33;0;0;0;0;0;0;0;0;0;0;0;0;0;0;0;0;0;0;0;1;0;0;0;1;0;0;0;0;0;0;0;0;0;0;0;0;0;0;0;0;33;1
20310;VOTORANTIM;717;VOTORANTIM;2;6;438030;CEL JTO A EE DANIEL VERANO PROFESSOR;4;171;101;55;11;0;0;342;0;0;0;0;0;0;0;0;0;0;0;0;0;0;0;0;1;11;6;2;1;0;0;21;0;0;0;0;0;0;0;0;0;0;0;0;0;0;0;0;342;21
20311;PIRAJU;537;PIRAJU;2;6;460382;CEL JTO A EE JOAQUIM GUILHERME MOREIRA PORTO DR;0;215;0;56;0;26;0;297;0;0;0;0;0;0;0;0;0;56;0;34;0;10;0;100;0;12;0;2;0;2;0;16;0;0;0;0;0;0;0;0;0;2;0;1;0;1;0;4;397;20
20404;CAMPINAS OESTE;244;CAMPINAS;2;6;985600;CEL JTO A EE ORLANDO SIGNORELLI;0;186;0;0;0;0;0;186;0;0;0;0;0;0;0;0;0;0;0;0;0;0;0;0;0;7;0;0;0;0;0;7;0;0;0;0;0;0;0;0;0;0;0;0;0;0;0;0;186;7
20409;MOGI MIRIM;455;MOGI GUACU;2;6;460217;CEL JTO A EE LUIZ MARTINI;0;28;0;0;0;0;0;28;0;0;0;0;0;0;0;0;0;0;0;0;0;0;0;0;0;2;0;0;0;0;0;2;0;0;0;0;0;0;0;0;0;0;0;0;0;0;0;0;28;2
20410;PIRACICABA;535;PIRACICABA;2;6;460357;CEL JTO A EE ELIAS DE MELLO AYRES PROFESSOR;0;113;0;73;0;9;0;195;0;0;0;0;0;0;0;0;0;0;0;0;0;0;0;0;0;6;0;3;0;1;0;10;0;0;0;0;0;0;0;0;0;0;0;0;0;0;0;0;195;10
20413;SAO JOAO DA BOA VISTA;152;AGUAI;2;6;459902;CEL JTO A EE GERALDO LOURENCO PADRE;0;66;0;25;0;0;0;91;0;0;0;0;0;0;0;0;0;0;0;0;0;0;0;0;0;4;0;1;0;0;0;5;0;0;0;0;0;0;0;0;0;0;0;0;0;0;0;0;91;5
20413;SAO JOAO DA BOA VISTA;711;VARGEM GRANDE DO SUL;2;6;459872;CEL JTO A EE BENJAMIN BASTOS;0;71;0;0;0;0;0;71;0;0;0;0;0;0;0;0;0;0;0;0;0;0;0;0;0;3;0;0;0;0;0;3;0;0;0;0;0;0;0;0;0;0;0;0;0;0;0;0;71;3
20415;SUMARE;513;PAULINIA;2;6;459124;CEL JTO A EE PORPHYRIO DA PAZ GENERAL;0;17;0;0;0;0;0;17;0;0;0;0;0;0;0;0;0;0;0;0;0;0;0;0;0;2;0;0;0;0;0;2;0;0;0;0;0;0;0;0;0;0;0;0;0;0;0;0;17;2
20501;ARARAQUARA;181;ARARAQUARA;2;6;985314;CEL JTO A EE JOAO MANOEL DO AMARAL;0;202;29;71;0;0;0;302;0;0;0;0;0;0;0;0;0;0;0;0;0;0;0;0;0;13;2;3;0;0;0;18;0;0;0;0;0;0;0;0;0;0;0;0;0;0;0;0;302;18
20501;ARARAQUARA;441;MATAO;2;6;447341;CEL JTO A EE HENRIQUE MORATO PROF;0;191;0;65;30;0;0;286;0;0;0;0;0;0;0;0;0;0;0;0;0;0;0;0;0;12;0;2;2;0;0;16;0;0;0;0;0;0;0;0;0;0;0;0;0;0;0;0;286;16
20413;SAO JOAO DA BOA VISTA;453;MOCOCA;2;6;460011;CEL JTO A EE JUSTINO GOMES DE CASTRO MAESTRO;0;59;0;0;0;0;0;59;0;0;0;0;0;0;0;0;0;0;0;0;0;0;0;0;0;3;0;0;0;0;0;3;0;0;0;0;0;0;0;0;0;0;0;0;0;0;0;0;59;3
20415;SUMARE;748;HORTOLANDIA;2;6;446828;CEL JTO A EE HEDY MADALENA BOCCHI PROFESSORA;0;5;0;0;0;0;0;5;0;0;0;0;0;0;0;0;0;0;0;0;0;0;0;0;0;2;0;0;0;0;0;2;0;0;0;0;0;0;0;0;0;0;0;0;0;0;0;0;5;2
20501;ARARAQUARA;166;AMERICO BRASILIENSE;2;6;458173;CEL JTO A EE DINORA MARCONDES GOMES PROFA;0;83;11;24;0;0;0;118;0;0;0;0;0;0;0;0;0;0;0;0;0;0;0;0;0;7;2;1;0;0;0;10;0;0;0;0;0;0;0;0;0;0;0;0;0;0;0;0;118;10
20501;ARARAQUARA;181;ARARAQUARA;2;6;462020;CEL JTO A MARIA ISABEL RODRIGUES ORSO PROFA;0;96;0;64;0;0;0;160;0;0;0;0;0;0;0;0;16;111;34;35;36;0;0;232;0;5;0;2;0;0;0;7;0;0;0;0;0;0;0;0;2;5;2;1;2;0;0;12;392;19
20502;BARRETOS;322;GUAIRA;2;6;458193;CEL JTO A EE ENOCH GARCIA LEAL;0;23;0;0;0;0;0;23;0;0;0;0;0;0;0;0;0;0;0;0;0;0;0;0;0;2;0;0;0;0;0;2;0;0;0;0;0;0;0;0;0;0;0;0;0;0;0;0;23;2
20502;BARRETOS;487;OLIMPIA;2;6;433561;CEL JTO A EE ANTONIO AUGUSTO REIS NEVES DOUTOR;0;121;32;0;0;0;0;153;0;0;0;0;0;0;0;0;0;0;0;0;0;0;0;0;0;7;2;0;0;0;0;9;0;0;0;0;0;0;0;0;0;0;0;0;0;0;0;0;153;9
20504;FRANCA;310;FRANCA;2;6;985818;CEL JTO A EE TORQUATO CALEIRO;0;0;0;20;0;16;0;36;0;0;0;0;0;0;0;0;0;264;28;79;0;0;0;371;0;0;0;1;0;2;0;3;0;0;0;0;0;0;0;0;0;9;1;3;0;0;0;13;407;16
20511;TAQUARITINGA;344;IBITINGA;2;6;459100;CEL JTO A EE IRACEMA DE OLIVEIRA CARLOS;0;113;27;30;31;0;0;201;0;0;0;0;0;0;0;0;0;42;22;0;20;0;0;84;0;5;1;1;2;0;0;9;0;0;0;0;0;0;0;0;0;2;1;0;1;0;0;4;285;13
20512;SERTAOZINHO;550;PONTAL;2;6;459173;CEL JTO A EE JOSEPHA CASTRO PROFA;0;0;0;0;0;0;0;0;0;0;0;0;0;0;0;0;0;53;0;0;0;0;0;53;0;0;0;0;0;0;0;0;0;0;0;0;0;0;0;0;0;2;0;0;0;0;0;2;53;2
20602;JAU;348;IGARACU DO TIETE;2;6;985831;CEL JTO A EE JOSE CONTI;0;27;0;0;0;0;0;27;0;0;0;0;0;0;0;0;0;47;0;0;0;0;0;47;0;1;0;0;0;0;0;1;0;0;0;0;0;0;0;0;0;2;0;0;0;0;0;2;74;3
20701;CATANDUVA;483;NOVO HORIZONTE;2;6;458788;CEL JTO A EE MARIO FLORENCE PROFESSOR;0;25;0;18;0;0;0;43;0;0;0;0;0;0;0;0;0;0;0;0;0;0;0;0;0;1;0;1;0;0;0;2;0;0;0;0;0;0;0;0;0;0;0;0;0;0;0;0;43;2
20711;VOTUPORANGA;718;VOTUPORANGA;2;6;985739;CEL JTO A EE JOSE MANOEL LOBO DR;0;32;0;0;0;0;0;32;0;0;0;0;0;0;0;0;0;18;0;0;0;0;0;18;0;2;0;0;0;0;0;2;0;0;0;0;0;0;0;0;0;1;0;0;0;0;0;1;50;3
20802;ARACATUBA;177;ARACATUBA;2;6;985417;CEL JTO A EE MANOEL BENTO DA CRUZ;0;212;19;170;0;42;0;443;0;0;0;0;0;0;0;0;0;0;0;0;0;0;0;0;0;15;2;7;0;2;0;26;0;0;0;0;0;0;0;0;0;0;0;0;0;0;0;0;443;26
20804;PENAPOLIS;521;PENAPOLIS;2;6;460242;CEL JTO A EE ADELINO PETERS;0;109;0;43;0;92;0;244;0;0;0;0;0;0;0;0;0;0;0;0;0;0;0;0;0;6;0;2;0;6;0;14;0;0;0;0;0;0;0;0;0;0;0;0;0;0;0;0;244;14
20901;ADAMANTINA;494;OSVALDO CRUZ;2;6;985430;CEL JTO A EE OSVALDO MARTINS;0;14;0;0;0;0;0;14;0;0;0;0;0;0;0;0;0;0;0;0;0;0;0;0;0;2;0;0;0;0;0;2;0;0;0;0;0;0;0;0;0;0;0;0;0;0;0;0;14;2
20904;PRESIDENTE PRUDENTE;562;PRESIDENTE PRUDENTE;2;6;985442;CEL JTO A EE MONSENHOR SARRION;0;195;47;73;0;74;0;389;0;0;0;0;0;0;0;0;0;68;15;0;17;23;0;123;0;10;3;3;0;4;0;20;0;0;0;0;0;0;0;0;0;3;1;0;1;1;0;6;512;26
20909;MIRANTE DO PARANAPANEMA;450;MIRANTE DO PARANAPANEMA;2;6;459859;CEL JTO A EE JOSE QUIRINO CAVALCANTE;0;80;0;22;0;0;0;102;0;0;0;0;0;0;0;0;0;0;0;0;0;0;0;0;0;3;0;1;0;0;0;4;0;0;0;0;0;0;0;0;0;0;0;0;0;0;0;0;102;4
21001;ASSIS;189;ASSIS;2;6;428760;CEL JTO A EE PROF CARLOS ALBERTO DE OLIVEIRA;0;80;12;38;24;20;0;174;0;0;0;0;0;0;0;0;9;99;9;32;11;31;0;191;0;4;1;2;2;2;0;11;0;0;0;0;0;0;0;0;1;4;1;1;1;2;0;10;365;21
21001;ASSIS;436;MARACAI;2;6;985485;CEL JTO A EE MARIA APARECIDA GALHARINI DOS SANTOS PROFA;0;77;0;0;0;0;0;77;0;0;0;0;0;0;0;0;0;0;0;0;0;0;0;0;0;4;0;0;0;0;0;4;0;0;0;0;0;0;0;0;0;0;0;0;0;0;0;0;77;4
21006;TUPA;697;TUPA;2;6;985512;CEL JTO A EE INDIA VANUIRE;0;0;0;0;0;0;0;0;0;0;0;0;0;0;0;0;0;8;0;23;6;0;0;37;0;0;0;0;0;0;0;0;0;0;0;0;0;0;0;0;0;1;0;1;1;0;0;3;37;3
20415;SUMARE;748;HORTOLANDIA;2;6;459112;CEL JTO A EE LIOMAR FREITAS CAMARA PROFA;0;202;0;56;0;0;0;258;0;0;0;0;0;0;0;0;0;0;0;0;0;0;0;0;0;12;0;2;0;0;0;14;0;0;0;0;0;0;0;0;0;0;0;0;0;0;0;0;258;14
20419;CAPIVARI;588;RIO DAS PEDRAS;2;6;458612;CEL JTO A EE MANOEL DA COSTA NEVES PROF;0;58;0;0;0;0;0;58;0;0;0;0;0;0;0;0;0;0;0;0;0;0;0;0;0;3;0;0;0;0;0;3;0;0;0;0;0;0;0;0;0;0;0;0;0;0;0;0;58;3
20504;FRANCA;280;CRISTAIS PAULISTA;2;6;6271;CEL JTO A EE JOAO DE FARIA;0;193;0;31;0;15;0;239;0;0;0;0;0;0;0;0;0;0;0;0;0;0;0;0;0;7;0;1;0;1;0;9;0;0;0;0;0;0;0;0;0;0;0;0;0;0;0;0;239;9
20504;FRANCA;310;FRANCA;2;6;458831;CEL JTO A EE SUDARIO FERREIRA;0;131;0;0;0;0;0;131;0;0;0;0;0;0;0;0;0;0;0;0;0;0;0;0;0;7;0;0;0;0;0;7;0;0;0;0;0;0;0;0;0;0;0;0;0;0;0;0;131;7
20504;FRANCA;310;FRANCA;2;6;499500;CEL JTO A EE ANA MARIA JUNQUEIRA;0;46;0;0;0;11;0;57;0;0;0;0;0;0;0;0;0;52;0;0;0;0;0;52;0;3;0;0;0;1;0;4;0;0;0;0;0;0;0;0;0;3;0;0;0;0;0;3;109;7
20504;FRANCA;385;ITIRAPUA;2;6;458892;CEL JTO A EE HENRIQUE LESPINASSE PROF;0;51;0;0;0;0;0;51;0;0;0;0;0;0;0;0;0;0;0;0;0;0;0;0;0;5;0;0;0;0;0;5;0;0;0;0;0;0;0;0;0;0;0;0;0;0;0;0;51;5
20506;JABOTICABAL;210;BEBEDOURO;2;6;433548;CEL JTO A EE PARAISO CAVALCANTI DOUTOR;0;22;0;26;0;0;0;48;0;0;0;0;0;0;0;0;0;16;0;0;0;0;0;16;0;1;0;1;0;0;0;2;0;0;0;0;0;0;0;0;0;1;0;0;0;0;0;1;64;3
20507;RIBEIRAO PRETO;582;RIBEIRAO PRETO;2;6;460461;CEL JTO A EE WALTER FERREIRA PROF;0;88;0;52;0;0;0;140;0;0;0;0;0;0;0;0;0;22;0;0;0;0;0;22;0;8;0;2;0;0;0;10;0;0;0;0;0;0;0;0;0;1;0;0;0;0;0;1;162;11
20511;TAQUARITINGA;375;ITAPOLIS;2;6;985338;CEL JTO A EE ANTONIO MORAES BARROS DR;0;60;0;34;65;0;0;159;0;0;0;0;0;0;0;0;0;0;0;0;0;0;0;0;0;4;0;1;2;0;0;7;0;0;0;0;0;0;0;0;0;0;0;0;0;0;0;0;159;7
20512;SERTAOZINHO;294;DUMONT;2;6;459264;CEL JTO A EE NESTOR GOMES DE ARAUJO PROF;0;38;0;0;0;0;0;38;0;0;0;0;0;0;0;0;0;0;0;0;0;0;0;0;0;3;0;0;0;0;0;3;0;0;0;0;0;0;0;0;0;0;0;0;0;0;0;0;38;3
20604;LINS;419;LINS;2;6;449106;CEL JTO A EE FERNANDO COSTA;0;5;0;0;0;0;0;5;0;0;0;0;0;0;0;0;0;6;0;0;0;0;0;6;0;2;0;0;0;0;0;2;0;0;0;0;0;0;0;0;0;2;0;0;0;0;0;2;11;4
20703;JALES;396;JALES;2;6;985715;CEL JTO A EE DOM ARTUR HORSTHUIS;0;79;30;31;6;0;0;146;0;0;0;0;0;0;0;0;0;87;26;55;6;0;0;174;0;5;2;1;1;0;0;9;0;0;0;0;0;0;0;0;0;4;1;2;1;0;0;8;320;17
20710;SAO JOSE DO RIO PRETO;647;SAO JOSE DO RIO PRETO;2;6;985405;CEL JTO A EE MONSENHOR GONCALVES;0;200;55;65;31;0;0;351;0;0;0;0;0;0;0;0;0;119;20;28;15;0;0;182;0;15;5;3;4;0;0;27;0;0;0;0;0;0;0;0;0;6;1;1;1;0;0;9;533;36
20904;PRESIDENTE PRUDENTE;440;MARTINOPOLIS;2;6;460485;CEL JTO A EE JOAO GOMES MARTINS CORONEL;0;3;0;0;0;0;0;3;0;0;0;0;0;0;0;0;0;0;0;0;0;0;0;0;0;1;0;0;0;0;0;1;0;0;0;0;0;0;0;0;0;0;0;0;0;0;0;0;3;1
20909;MIRANTE DO PARANAPANEMA;690;TEODORO SAMPAIO;2;6;459948;CEL JTO A EE ARTHUR RIBEIRO;0;52;0;0;0;0;0;52;0;0;0;0;0;0;0;0;0;0;0;0;0;0;0;0;0;3;0;0;0;0;0;3;0;0;0;0;0;0;0;0;0;0;0;0;0;0;0;0;52;3
21001;ASSIS;501;PALMITAL;2;6;341010;CEL JTO A EE ADALGISA CAVEZZALE DE CAMPOS PROFA;0;52;0;0;9;0;0;61;0;0;0;0;0;0;0;0;0;13;5;24;0;0;0;42;0;3;0;0;1;0;0;4;0;0;0;0;0;0;0;0;0;1;1;1;0;0;0;3;103;7
21101;MIRACATU;448;MIRACATU;2;6;459781;CEL JTO A EE ARMANDO GONCALVES PROF;0;80;0;0;0;0;0;80;0;0;0;0;0;0;0;0;0;0;0;0;0;0;0;0;0;3;0;0;0;0;0;3;0;0;0;0;0;0;0;0;0;0;0;0;0;0;0;0;80;3
20504;FRANCA;310;FRANCA;2;6;498981;CEL JTO A EE PROF HELIO PALERMO;0;120;27;36;0;7;0;190;0;0;0;0;0;0;0;0;0;33;15;0;0;0;0;48;0;6;2;1;0;1;0;10;0;0;0;0;0;0;0;0;0;1;1;0;0;0;0;2;238;12
20504;FRANCA;310;FRANCA;2;6;499511;CEL JTO A EE PEDRO NUNES DA ROCHA PROF;0;62;32;27;0;0;0;121;0;0;0;0;0;0;0;0;0;109;15;34;0;0;0;158;0;3;1;1;0;0;0;5;0;0;0;0;0;0;0;0;0;5;1;1;0;0;0;7;279;12
20506;JABOTICABAL;391;JABOTICABAL;2;6;985326;CEL JTO A EE AURELIO ARROBAS MARTINS;0;21;0;32;0;0;0;53;0;0;0;0;0;0;0;0;0;0;0;0;0;0;0;0;0;1;0;1;0;0;0;2;0;0;0;0;0;0;0;0;0;0;0;0;0;0;0;0;53;2
20509;SAO CARLOS;637;SAO CARLOS;2;6;457711;CEL JTO A EE ALVARO GUIAO DOUTOR;0;32;0;25;8;0;0;65;0;0;0;0;0;0;0;0;0;58;0;19;4;0;0;81;0;4;0;1;2;0;0;7;0;0;0;0;0;0;0;0;0;4;0;1;1;0;0;6;146;13
20510;SAO JOAQUIM DA BARRA;642;SAO JOAQUIM DA BARRA;2;6;459720;CEL JTO A EE MANOEL GOUVEIA DE LIMA;0;30;0;0;0;0;0;30;0;0;0;0;0;0;0;0;0;0;0;0;0;0;0;0;0;2;0;0;0;0;0;2;0;0;0;0;0;0;0;0;0;0;0;0;0;0;0;0;30;2
20511;TAQUARITINGA;684;TAQUARITINGA;2;6;985545;CEL JTO A EE 9 DE JULHO;0;20;45;29;0;0;0;94;0;0;0;0;0;0;0;0;0;123;20;25;0;0;0;168;0;1;2;1;0;0;0;4;0;0;0;0;0;0;0;0;0;6;1;1;0;0;0;8;262;12
20601;BAURU;209;BAURU;2;6;985582;CEL JTO A EE CHRISTINO CABRAL PROF;0;103;0;22;0;23;0;148;0;0;0;0;0;0;0;0;0;0;0;0;0;0;0;0;0;8;0;2;0;3;0;13;0;0;0;0;0;0;0;0;0;0;0;0;0;0;0;0;148;13
20601;BAURU;416;LENCOIS PAULISTA;2;6;458211;CEL JTO A EE VIRGILIO CAPOANI;0;161;0;79;0;0;0;240;0;0;0;0;0;0;0;0;0;0;0;0;0;0;0;0;0;13;0;4;0;0;0;17;0;0;0;0;0;0;0;0;0;0;0;0;0;0;0;0;240;17
20602;JAU;289;DOIS CORREGOS;2;6;459598;CEL JTO A EE JOSE ALVES MIRA;0;80;0;0;0;0;0;80;0;0;0;0;0;0;0;0;0;121;0;34;0;0;0;155;0;3;0;0;0;0;0;3;0;0;0;0;0;0;0;0;0;4;0;1;0;0;0;5;235;8
20602;JAU;401;JAU;2;6;985348;CEL JTO A EE MAJOR PRADO;0;108;11;27;0;0;0;146;0;0;0;0;0;0;0;0;0;113;0;56;0;0;0;169;0;8;1;1;0;0;0;10;0;0;0;0;0;0;0;0;0;4;0;2;0;0;0;6;315;16
20701;CATANDUVA;260;CATANDUVA;2;6;363613;CEL JTO A EE BARAO DO RIO BRANCO;0;162;57;26;26;0;15;286;0;0;0;0;0;0;0;0;0;117;0;32;15;0;17;181;0;7;3;1;1;0;1;13;0;0;0;0;0;0;0;0;0;5;0;1;1;0;1;8;467;21
20703;JALES;614;SANTA FE DO SUL;2;6;985806;CEL JTO A EE ITAEL DE MATOS PROFESSOR;0;175;41;54;12;0;0;282;0;0;0;0;0;0;0;0;0;149;0;62;0;0;0;211;0;6;3;2;1;0;0;12;0;0;0;0;0;0;0;0;0;5;0;2;0;0;0;7;493;19
20710;SAO JOSE DO RIO PRETO;478;NOVA GRANADA;2;6;985399;CEL JTO A EE FRANCISCO MARQUES PINTO;0;15;18;0;0;0;0;33;0;0;0;0;0;0;0;0;0;172;0;69;22;0;0;263;0;1;1;0;0;0;0;2;0;0;0;0;0;0;0;0;0;6;0;2;1;0;0;9;296;11
20803;BIRIGUI;214;BIRIGUI;2;6;433640;CEL JTO A EE STELIO MACHADO LOUREIRO PROFESSOR;0;210;0;27;0;0;0;237;0;0;0;0;0;0;0;0;0;0;0;0;0;0;0;0;0;9;0;1;0;0;0;10;0;0;0;0;0;0;0;0;0;0;0;0;0;0;0;0;237;10
20901;ADAMANTINA;292;DRACENA;2;6;458090;CEL JTO A EE ENGENHEIRO ISAC PEREIRA GARCEZ;0;5;0;1;0;0;0;6;0;0;0;0;0;0;0;0;0;0;0;0;0;0;0;0;0;1;0;1;0;0;0;2;0;0;0;0;0;0;0;0;0;0;0;0;0;0;0;0;6;2
20901;ADAMANTINA;408;JUNQUEIROPOLIS;2;6;458119;CEL JTO A EE IDENE RODRIGUES DOS SANTOS PROF;0;55;0;23;0;0;0;78;0;0;0;0;0;0;0;0;0;0;0;0;0;0;0;0;0;3;0;1;0;0;0;4;0;0;0;0;0;0;0;0;0;0;0;0;0;0;0;0;78;4
21001;ASSIS;503;PARAGUACU PAULISTA;2;6;985521;CEL JTO A EE DIVA FIGUEIREDO DA SILVEIRA;0;13;0;0;0;0;0;13;0;0;0;0;0;0;0;0;0;0;0;0;0;0;0;0;0;1;0;0;0;0;0;1;0;0;0;0;0;0;0;0;0;0;0;0;0;0;0;0;13;1
21003;MARILIA;548;POMPEIA;2;6;459768;CEL JTO A EE CULTURA E LIBERDADE;0;150;0;0;0;0;0;150;0;0;0;0;0;0;0;0;0;0;0;0;0;0;0;0;0;7;0;0;0;0;0;7;0;0;0;0;0;0;0;0;0;0;0;0;0;0;0;0;150;7
21004;OURINHOS;495;OURINHOS;2;6;363625;CEL JTO A EE DOMINGOS CAMERLINGO CALO;0;0;0;0;0;0;0;0;0;0;0;0;0;0;0;0;0;69;0;33;0;0;0;102;0;0;0;0;0;0;0;0;0;0;0;0;0;0;0;0;0;5;0;1;0;0;0;6;102;6
21004;OURINHOS;612;SANTA CRUZ DO RIO PARDO;2;6;460230;CEL JTO A EE LEONIDAS DO AMARAL VIEIRA;0;0;0;0;0;0;0;0;0;0;0;0;0;0;0;0;0;22;0;33;0;0;0;55;0;0;0;0;0;0;0;0;0;0;0;0;0;0;0;0;0;2;0;1;0;0;0;3;55;3
21102;REGISTRO;574;REGISTRO;2;6;985533;CEL JTO A EE FABIO BARRETO DOUTOR;0;112;0;69;0;29;0;210;0;0;0;0;0;0;0;0;0;0;0;0;0;0;0;0;0;10;0;4;0;2;0;16;0;0;0;0;0;0;0;0;0;0;0;0;0;0;0;0;210;16
